<?xml version="1.0" encoding="UTF-8"?>

<mule xmlns:file="http://www.mulesoft.org/schema/mule/file" xmlns:dw="http://www.mulesoft.org/schema/mule/ee/dw" xmlns:db="http://www.mulesoft.org/schema/mule/db" xmlns:batch="http://www.mulesoft.org/schema/mule/batch" xmlns="http://www.mulesoft.org/schema/mule/core" xmlns:doc="http://www.mulesoft.org/schema/mule/documentation"
	xmlns:spring="http://www.springframework.org/schema/beans" 
	xmlns:xsi="http://www.w3.org/2001/XMLSchema-instance"
	xsi:schemaLocation="http://www.springframework.org/schema/beans http://www.springframework.org/schema/beans/spring-beans-current.xsd
http://www.mulesoft.org/schema/mule/core http://www.mulesoft.org/schema/mule/core/current/mule.xsd
http://www.mulesoft.org/schema/mule/db http://www.mulesoft.org/schema/mule/db/current/mule-db.xsd
http://www.mulesoft.org/schema/mule/batch http://www.mulesoft.org/schema/mule/batch/current/mule-batch.xsd
http://www.mulesoft.org/schema/mule/ee/dw http://www.mulesoft.org/schema/mule/ee/dw/current/dw.xsd
http://www.mulesoft.org/schema/mule/file http://www.mulesoft.org/schema/mule/file/current/mule-file.xsd">
	<db:mysql-config name="MySQL_Configuration" host="localhost" port="3306" user="root" password="root" database="batch9" doc:name="MySQL Configuration"/>
	<file:connector name="File" readFromDirectory="src/test/resources/output" autoDelete="true" streaming="true" validateConnections="true" doc:name="File"/>
	<batch:job name="practicebatchBatch">
		<batch:input>
			<poll doc:name="Poll">
				<fixed-frequency-scheduler frequency="10000"/>
				<watermark variable="requestId" default-expression="0" selector="MAX" selector-expression="#[payload.requestId]"/>
				<db:select config-ref="MySQL_Configuration" doc:name="Database">
					<db:parameterized-query><![CDATA[select * from batch9.transaction2 where requestId > #[flowVars.requestId];]]></db:parameterized-query>
				</db:select>
			</poll>
		</batch:input>
		<batch:process-records>
			<batch:step name="Batch_Step">
				<batch:set-record-variable variableName="requestID" value="#[flowVars.requestId]" doc:name="Record Variable"/>
				<dw:transform-message doc:name="Transform Message">
					<dw:set-payload><![CDATA[%dw 1.0
%output application/xml
---
"Transaction":({
	"RequestID":payload.requestId as :string,
	"FromAccount":payload.fromAccount as :string,
	"ToAccount":payload.toAccount as :string,
	"Amount":payload.amount as :string,
	"TransactionDate":payload.transactionDate
})]]></dw:set-payload>
				</dw:transform-message>
				<batch:set-record-variable variableName="transactionpayload" value="#[payload]" doc:name="Record Variable"/>
			</batch:step>
			<batch:step name="Batch_Step1">
				<file:outbound-endpoint path="src/test/resources/output" responseTimeout="10000" doc:name="File"/>
			</batch:step>
		</batch:process-records>
		<batch:on-complete>
			<logger message="records........#[payload.successfulRecords]" level="INFO" doc:name="Logger"/>
		</batch:on-complete>
	</batch:job>
</mule>
